"Country Name","Country Code","Indicator Name","Indicator Code","1960","1961","1962","1963","1964","1965","1966","1967","1968","1969","1970","1971","1972","1973","1974","1975","1976","1977","1978","1979","1980","1981","1982","1983","1984","1985","1986","1987","1988","1989","1990","1991","1992","1993","1994","1995","1996","1997","1998","1999","2000","2001","2002","2003","2004","2005","2006","2007","2008","2009","2010","2011","2012","2013","2014","2015","2016","2017",
"Aruba","ABW","Law mandates paid or unpaid maternity leave (1=yes; 0=no)","SG.LAW.LEVE.PU","","","","","","","","","","","","","","","","","","","","","","","","","","","","","","","","","","","","","","","","","","","","","","","","","","","","","","","","","","",
"Afghanistan","AFG","Law mandates paid or unpaid maternity leave (1=yes; 0=no)","SG.LAW.LEVE.PU","","","","","","","","","","","","","","","","","","","","","","","","","","","","","","","","","","","","","","","","","","","","","","","","","","","","","","","","1","","1",
"Angola","AGO","Law mandates paid or unpaid maternity leave (1=yes; 0=no)","SG.LAW.LEVE.PU","","","","","","","","","","","","","","","","","","","","","","","","","","","","","","","","","","","","","","","","","","","","","","","","","","1","","1","","1","","1","","1",
"Albania","ALB","Law mandates paid or unpaid maternity leave (1=yes; 0=no)","SG.LAW.LEVE.PU","","","","","","","","","","","","","","","","","","","","","","","","","","","","","","","","","","","","","","","","","","","","","","","","","","1","","1","","1","","1","","1",
"Andorra","AND","Law mandates paid or unpaid maternity leave (1=yes; 0=no)","SG.LAW.LEVE.PU","","","","","","","","","","","","","","","","","","","","","","","","","","","","","","","","","","","","","","","","","","","","","","","","","","","","","","","","","","",
"Arab World","ARB","Law mandates paid or unpaid maternity leave (1=yes; 0=no)","SG.LAW.LEVE.PU","","","","","","","","","","","","","","","","","","","","","","","","","","","","","","","","","","","","","","","","","","","","","","","","","","","","","","","","","","",
"United Arab Emirates","ARE","Law mandates paid or unpaid maternity leave (1=yes; 0=no)","SG.LAW.LEVE.PU","","","","","","","","","","","","","","","","","","","","","","","","","","","","","","","","","","","","","","","","","","","","","","","","","","1","","1","","1","","1","","1",
"Argentina","ARG","Law mandates paid or unpaid maternity leave (1=yes; 0=no)","SG.LAW.LEVE.PU","","","","","","","","","","","","","","","","","","","","","","","","","","","","","","","","","","","","","","","","","","","","","","","","","","1","","1","","1","","1","","1",
"Armenia","ARM","Law mandates paid or unpaid maternity leave (1=yes; 0=no)","SG.LAW.LEVE.PU","","","","","","","","","","","","","","","","","","","","","","","","","","","","","","","","","","","","","","","","","","","","","","","","","","1","","1","","1","","1","","1",
"American Samoa","ASM","Law mandates paid or unpaid maternity leave (1=yes; 0=no)","SG.LAW.LEVE.PU","","","","","","","","","","","","","","","","","","","","","","","","","","","","","","","","","","","","","","","","","","","","","","","","","","","","","","","","","","",
"Antigua and Barbuda","ATG","Law mandates paid or unpaid maternity leave (1=yes; 0=no)","SG.LAW.LEVE.PU","","","","","","","","","","","","","","","","","","","","","","","","","","","","","","","","","","","","","","","","","","","","","","","","","","","","","","","","1","","1",
"Australia","AUS","Law mandates paid or unpaid maternity leave (1=yes; 0=no)","SG.LAW.LEVE.PU","","","","","","","","","","","","","","","","","","","","","","","","","","","","","","","","","","","","","","","","","","","","","","","","","","1","","0","","0","","0","","0",
"Austria","AUT","Law mandates paid or unpaid maternity leave (1=yes; 0=no)","SG.LAW.LEVE.PU","","","","","","","","","","","","","","","","","","","","","","","","","","","","","","","","","","","","","","","","","","","","","","","","","","1","","1","","1","","1","","1",
"Azerbaijan","AZE","Law mandates paid or unpaid maternity leave (1=yes; 0=no)","SG.LAW.LEVE.PU","","","","","","","","","","","","","","","","","","","","","","","","","","","","","","","","","","","","","","","","","","","","","","","","","","1","","1","","1","","1","","1",
"Burundi","BDI","Law mandates paid or unpaid maternity leave (1=yes; 0=no)","SG.LAW.LEVE.PU","","","","","","","","","","","","","","","","","","","","","","","","","","","","","","","","","","","","","","","","","","","","","","","","","","1","","1","","1","","1","","1",
"Belgium","BEL","Law mandates paid or unpaid maternity leave (1=yes; 0=no)","SG.LAW.LEVE.PU","","","","","","","","","","","","","","","","","","","","","","","","","","","","","","","","","","","","","","","","","","","","","","","","","","1","","1","","1","","1","","1",
"Benin","BEN","Law mandates paid or unpaid maternity leave (1=yes; 0=no)","SG.LAW.LEVE.PU","","","","","","","","","","","","","","","","","","","","","","","","","","","","","","","","","","","","","","","","","","","","","","","","","","1","","1","","1","","1","","1",
"Burkina Faso","BFA","Law mandates paid or unpaid maternity leave (1=yes; 0=no)","SG.LAW.LEVE.PU","","","","","","","","","","","","","","","","","","","","","","","","","","","","","","","","","","","","","","","","","","","","","","","","","","1","","1","","1","","1","","1",
"Bangladesh","BGD","Law mandates paid or unpaid maternity leave (1=yes; 0=no)","SG.LAW.LEVE.PU","","","","","","","","","","","","","","","","","","","","","","","","","","","","","","","","","","","","","","","","","","","","","","","","","","1","","1","","1","","1","","1",
"Bulgaria","BGR","Law mandates paid or unpaid maternity leave (1=yes; 0=no)","SG.LAW.LEVE.PU","","","","","","","","","","","","","","","","","","","","","","","","","","","","","","","","","","","","","","","","","","","","","","","","","","1","","1","","1","","1","","1",
"Bahrain","BHR","Law mandates paid or unpaid maternity leave (1=yes; 0=no)","SG.LAW.LEVE.PU","","","","","","","","","","","","","","","","","","","","","","","","","","","","","","","","","","","","","","","","","","","","","","","","","","","","","","","","1","","1",
"Bahamas, The","BHS","Law mandates paid or unpaid maternity leave (1=yes; 0=no)","SG.LAW.LEVE.PU","","","","","","","","","","","","","","","","","","","","","","","","","","","","","","","","","","","","","","","","","","","","","","","","","","","","","","","","1","","1",
"Bosnia and Herzegovina","BIH","Law mandates paid or unpaid maternity leave (1=yes; 0=no)","SG.LAW.LEVE.PU","","","","","","","","","","","","","","","","","","","","","","","","","","","","","","","","","","","","","","","","","","","","","","","","","","1","","1","","1","","1","","1",
"Belarus","BLR","Law mandates paid or unpaid maternity leave (1=yes; 0=no)","SG.LAW.LEVE.PU","","","","","","","","","","","","","","","","","","","","","","","","","","","","","","","","","","","","","","","","","","","","","","","","","","1","","1","","1","","1","","1",
"Belize","BLZ","Law mandates paid or unpaid maternity leave (1=yes; 0=no)","SG.LAW.LEVE.PU","","","","","","","","","","","","","","","","","","","","","","","","","","","","","","","","","","","","","","","","","","","","","","","","","","","","","","","","1","","1",
"Bermuda","BMU","Law mandates paid or unpaid maternity leave (1=yes; 0=no)","SG.LAW.LEVE.PU","","","","","","","","","","","","","","","","","","","","","","","","","","","","","","","","","","","","","","","","","","","","","","","","","","","","","","","","","","",
"Bolivia","BOL","Law mandates paid or unpaid maternity leave (1=yes; 0=no)","SG.LAW.LEVE.PU","","","","","","","","","","","","","","","","","","","","","","","","","","","","","","","","","","","","","","","","","","","","","","","","","","1","","1","","1","","1","","1",
"Brazil","BRA","Law mandates paid or unpaid maternity leave (1=yes; 0=no)","SG.LAW.LEVE.PU","","","","","","","","","","","","","","","","","","","","","","","","","","","","","","","","","","","","","","","","","","","","","","","","","","1","","1","","1","","1","","1",
"Barbados","BRB","Law mandates paid or unpaid maternity leave (1=yes; 0=no)","SG.LAW.LEVE.PU","","","","","","","","","","","","","","","","","","","","","","","","","","","","","","","","","","","","","","","","","","","","","","","","","","","","","","","","1","","1",
"Brunei Darussalam","BRN","Law mandates paid or unpaid maternity leave (1=yes; 0=no)","SG.LAW.LEVE.PU","","","","","","","","","","","","","","","","","","","","","","","","","","","","","","","","","","","","","","","","","","","","","","","","","","","","","","","","1","","1",
"Bhutan","BTN","Law mandates paid or unpaid maternity leave (1=yes; 0=no)","SG.LAW.LEVE.PU","","","","","","","","","","","","","","","","","","","","","","","","","","","","","","","","","","","","","","","","","","","","","","","","","","","","","","","","1","","1",
"Botswana","BWA","Law mandates paid or unpaid maternity leave (1=yes; 0=no)","SG.LAW.LEVE.PU","","","","","","","","","","","","","","","","","","","","","","","","","","","","","","","","","","","","","","","","","","","","","","","","","","1","","1","","1","","1","","1",
"Central African Republic","CAF","Law mandates paid or unpaid maternity leave (1=yes; 0=no)","SG.LAW.LEVE.PU","","","","","","","","","","","","","","","","","","","","","","","","","","","","","","","","","","","","","","","","","","","","","","","","","","","","","","","","1","","1",
"Canada","CAN","Law mandates paid or unpaid maternity leave (1=yes; 0=no)","SG.LAW.LEVE.PU","","","","","","","","","","","","","","","","","","","","","","","","","","","","","","","","","","","","","","","","","","","","","","","","","","1","","1","","1","","1","","1",
"Central Europe and the Baltics","CEB","Law mandates paid or unpaid maternity leave (1=yes; 0=no)","SG.LAW.LEVE.PU","","","","","","","","","","","","","","","","","","","","","","","","","","","","","","","","","","","","","","","","","","","","","","","","","","","","","","","","","","",
"Switzerland","CHE","Law mandates paid or unpaid maternity leave (1=yes; 0=no)","SG.LAW.LEVE.PU","","","","","","","","","","","","","","","","","","","","","","","","","","","","","","","","","","","","","","","","","","","","","","","","","","1","","1","","1","","1","","1",
"Channel Islands","CHI","Law mandates paid or unpaid maternity leave (1=yes; 0=no)","SG.LAW.LEVE.PU","","","","","","","","","","","","","","","","","","","","","","","","","","","","","","","","","","","","","","","","","","","","","","","","","","","","","","","","","","",
"Chile","CHL","Law mandates paid or unpaid maternity leave (1=yes; 0=no)","SG.LAW.LEVE.PU","","","","","","","","","","","","","","","","","","","","","","","","","","","","","","","","","","","","","","","","","","","","","","","","","","1","","1","","1","","1","","1",
"China","CHN","Law mandates paid or unpaid maternity leave (1=yes; 0=no)","SG.LAW.LEVE.PU","","","","","","","","","","","","","","","","","","","","","","","","","","","","","","","","","","","","","","","","","","","","","","","","","","1","","1","","1","","1","","1",
"Cote d'Ivoire","CIV","Law mandates paid or unpaid maternity leave (1=yes; 0=no)","SG.LAW.LEVE.PU","","","","","","","","","","","","","","","","","","","","","","","","","","","","","","","","","","","","","","","","","","","","","","","","","","1","","1","","1","","1","","1",
"Cameroon","CMR","Law mandates paid or unpaid maternity leave (1=yes; 0=no)","SG.LAW.LEVE.PU","","","","","","","","","","","","","","","","","","","","","","","","","","","","","","","","","","","","","","","","","","","","","","","","","","1","","1","","1","","1","","1",
"Congo, Dem. Rep.","COD","Law mandates paid or unpaid maternity leave (1=yes; 0=no)","SG.LAW.LEVE.PU","","","","","","","","","","","","","","","","","","","","","","","","","","","","","","","","","","","","","","","","","","","","","","","","","","1","","1","","1","","1","","1",
"Congo, Rep.","COG","Law mandates paid or unpaid maternity leave (1=yes; 0=no)","SG.LAW.LEVE.PU","","","","","","","","","","","","","","","","","","","","","","","","","","","","","","","","","","","","","","","","","","","","","","","","","","1","","1","","1","","1","","1",
"Colombia","COL","Law mandates paid or unpaid maternity leave (1=yes; 0=no)","SG.LAW.LEVE.PU","","","","","","","","","","","","","","","","","","","","","","","","","","","","","","","","","","","","","","","","","","","","","","","","","","1","","1","","1","","1","","1",
"Comoros","COM","Law mandates paid or unpaid maternity leave (1=yes; 0=no)","SG.LAW.LEVE.PU","","","","","","","","","","","","","","","","","","","","","","","","","","","","","","","","","","","","","","","","","","","","","","","","","","","","","","","","1","","1",
"Cabo Verde","CPV","Law mandates paid or unpaid maternity leave (1=yes; 0=no)","SG.LAW.LEVE.PU","","","","","","","","","","","","","","","","","","","","","","","","","","","","","","","","","","","","","","","","","","","","","","","","","","","","","","","","1","","1",
"Costa Rica","CRI","Law mandates paid or unpaid maternity leave (1=yes; 0=no)","SG.LAW.LEVE.PU","","","","","","","","","","","","","","","","","","","","","","","","","","","","","","","","","","","","","","","","","","","","","","","","","","1","","1","","1","","1","","1",
"Caribbean small states","CSS","Law mandates paid or unpaid maternity leave (1=yes; 0=no)","SG.LAW.LEVE.PU","","","","","","","","","","","","","","","","","","","","","","","","","","","","","","","","","","","","","","","","","","","","","","","","","","","","","","","","","","",
"Cuba","CUB","Law mandates paid or unpaid maternity leave (1=yes; 0=no)","SG.LAW.LEVE.PU","","","","","","","","","","","","","","","","","","","","","","","","","","","","","","","","","","","","","","","","","","","","","","","","","","","","","","","","","","",
"Curacao","CUW","Law mandates paid or unpaid maternity leave (1=yes; 0=no)","SG.LAW.LEVE.PU","","","","","","","","","","","","","","","","","","","","","","","","","","","","","","","","","","","","","","","","","","","","","","","","","","","","","","","","","","",
"Cayman Islands","CYM","Law mandates paid or unpaid maternity leave (1=yes; 0=no)","SG.LAW.LEVE.PU","","","","","","","","","","","","","","","","","","","","","","","","","","","","","","","","","","","","","","","","","","","","","","","","","","","","","","","","","","",
"Cyprus","CYP","Law mandates paid or unpaid maternity leave (1=yes; 0=no)","SG.LAW.LEVE.PU","","","","","","","","","","","","","","","","","","","","","","","","","","","","","","","","","","","","","","","","","","","","","","","","","","","","","","","","1","","1",
"Czech Republic","CZE","Law mandates paid or unpaid maternity leave (1=yes; 0=no)","SG.LAW.LEVE.PU","","","","","","","","","","","","","","","","","","","","","","","","","","","","","","","","","","","","","","","","","","","","","","","","","","1","","1","","1","","1","","1",
"Germany","DEU","Law mandates paid or unpaid maternity leave (1=yes; 0=no)","SG.LAW.LEVE.PU","","","","","","","","","","","","","","","","","","","","","","","","","","","","","","","","","","","","","","","","","","","","","","","","","","1","","1","","1","","1","","1",
"Djibouti","DJI","Law mandates paid or unpaid maternity leave (1=yes; 0=no)","SG.LAW.LEVE.PU","","","","","","","","","","","","","","","","","","","","","","","","","","","","","","","","","","","","","","","","","","","","","","","","","","","","","","","","1","","1",
"Dominica","DMA","Law mandates paid or unpaid maternity leave (1=yes; 0=no)","SG.LAW.LEVE.PU","","","","","","","","","","","","","","","","","","","","","","","","","","","","","","","","","","","","","","","","","","","","","","","","","","","","","","","","1","","1",
"Denmark","DNK","Law mandates paid or unpaid maternity leave (1=yes; 0=no)","SG.LAW.LEVE.PU","","","","","","","","","","","","","","","","","","","","","","","","","","","","","","","","","","","","","","","","","","","","","","","","","","1","","1","","1","","1","","1",
"Dominican Republic","DOM","Law mandates paid or unpaid maternity leave (1=yes; 0=no)","SG.LAW.LEVE.PU","","","","","","","","","","","","","","","","","","","","","","","","","","","","","","","","","","","","","","","","","","","","","","","","","","1","","1","","1","","1","","1",
"Algeria","DZA","Law mandates paid or unpaid maternity leave (1=yes; 0=no)","SG.LAW.LEVE.PU","","","","","","","","","","","","","","","","","","","","","","","","","","","","","","","","","","","","","","","","","","","","","","","","","","1","","1","","1","","1","","1",
"East Asia & Pacific (excluding high income)","EAP","Law mandates paid or unpaid maternity leave (1=yes; 0=no)","SG.LAW.LEVE.PU","","","","","","","","","","","","","","","","","","","","","","","","","","","","","","","","","","","","","","","","","","","","","","","","","","","","","","","","","","",
"Early-demographic dividend","EAR","Law mandates paid or unpaid maternity leave (1=yes; 0=no)","SG.LAW.LEVE.PU","","","","","","","","","","","","","","","","","","","","","","","","","","","","","","","","","","","","","","","","","","","","","","","","","","","","","","","","","","",
"East Asia & Pacific","EAS","Law mandates paid or unpaid maternity leave (1=yes; 0=no)","SG.LAW.LEVE.PU","","","","","","","","","","","","","","","","","","","","","","","","","","","","","","","","","","","","","","","","","","","","","","","","","","","","","","","","","","",
"Europe & Central Asia (excluding high income)","ECA","Law mandates paid or unpaid maternity leave (1=yes; 0=no)","SG.LAW.LEVE.PU","","","","","","","","","","","","","","","","","","","","","","","","","","","","","","","","","","","","","","","","","","","","","","","","","","","","","","","","","","",
"Europe & Central Asia","ECS","Law mandates paid or unpaid maternity leave (1=yes; 0=no)","SG.LAW.LEVE.PU","","","","","","","","","","","","","","","","","","","","","","","","","","","","","","","","","","","","","","","","","","","","","","","","","","","","","","","","","","",
"Ecuador","ECU","Law mandates paid or unpaid maternity leave (1=yes; 0=no)","SG.LAW.LEVE.PU","","","","","","","","","","","","","","","","","","","","","","","","","","","","","","","","","","","","","","","","","","","","","","","","","","1","","1","","1","","1","","1",
"Egypt, Arab Rep.","EGY","Law mandates paid or unpaid maternity leave (1=yes; 0=no)","SG.LAW.LEVE.PU","","","","","","","","","","","","","","","","","","","","","","","","","","","","","","","","","","","","","","","","","","","","","","","","","","1","","1","","1","","1","","1",
"Euro area","EMU","Law mandates paid or unpaid maternity leave (1=yes; 0=no)","SG.LAW.LEVE.PU","","","","","","","","","","","","","","","","","","","","","","","","","","","","","","","","","","","","","","","","","","","","","","","","","","","","","","","","","","",
"Eritrea","ERI","Law mandates paid or unpaid maternity leave (1=yes; 0=no)","SG.LAW.LEVE.PU","","","","","","","","","","","","","","","","","","","","","","","","","","","","","","","","","","","","","","","","","","","","","","","","","","","","","","","","1","","1",
"Spain","ESP","Law mandates paid or unpaid maternity leave (1=yes; 0=no)","SG.LAW.LEVE.PU","","","","","","","","","","","","","","","","","","","","","","","","","","","","","","","","","","","","","","","","","","","","","","","","","","1","","1","","1","","1","","1",
"Estonia","EST","Law mandates paid or unpaid maternity leave (1=yes; 0=no)","SG.LAW.LEVE.PU","","","","","","","","","","","","","","","","","","","","","","","","","","","","","","","","","","","","","","","","","","","","","","","","","","1","","1","","1","","1","","1",
"Ethiopia","ETH","Law mandates paid or unpaid maternity leave (1=yes; 0=no)","SG.LAW.LEVE.PU","","","","","","","","","","","","","","","","","","","","","","","","","","","","","","","","","","","","","","","","","","","","","","","","","","1","","1","","1","","1","","1",
"European Union","EUU","Law mandates paid or unpaid maternity leave (1=yes; 0=no)","SG.LAW.LEVE.PU","","","","","","","","","","","","","","","","","","","","","","","","","","","","","","","","","","","","","","","","","","","","","","","","","","","","","","","","","","",
"Fragile and conflict affected situations","FCS","Law mandates paid or unpaid maternity leave (1=yes; 0=no)","SG.LAW.LEVE.PU","","","","","","","","","","","","","","","","","","","","","","","","","","","","","","","","","","","","","","","","","","","","","","","","","","","","","","","","","","",
"Finland","FIN","Law mandates paid or unpaid maternity leave (1=yes; 0=no)","SG.LAW.LEVE.PU","","","","","","","","","","","","","","","","","","","","","","","","","","","","","","","","","","","","","","","","","","","","","","","","","","1","","1","","1","","1","","1",
"Fiji","FJI","Law mandates paid or unpaid maternity leave (1=yes; 0=no)","SG.LAW.LEVE.PU","","","","","","","","","","","","","","","","","","","","","","","","","","","","","","","","","","","","","","","","","","","","","","","","","","1","","1","","1","","1","","1",
"France","FRA","Law mandates paid or unpaid maternity leave (1=yes; 0=no)","SG.LAW.LEVE.PU","","","","","","","","","","","","","","","","","","","","","","","","","","","","","","","","","","","","","","","","","","","","","","","","","","1","","1","","1","","1","","1",
"Faroe Islands","FRO","Law mandates paid or unpaid maternity leave (1=yes; 0=no)","SG.LAW.LEVE.PU","","","","","","","","","","","","","","","","","","","","","","","","","","","","","","","","","","","","","","","","","","","","","","","","","","","","","","","","","","",
"Micronesia, Fed. Sts.","FSM","Law mandates paid or unpaid maternity leave (1=yes; 0=no)","SG.LAW.LEVE.PU","","","","","","","","","","","","","","","","","","","","","","","","","","","","","","","","","","","","","","","","","","","","","","","","","","","","","","","","0","","0",
"Gabon","GAB","Law mandates paid or unpaid maternity leave (1=yes; 0=no)","SG.LAW.LEVE.PU","","","","","","","","","","","","","","","","","","","","","","","","","","","","","","","","","","","","","","","","","","","","","","","","","","1","","1","","1","","1","","1",
"United Kingdom","GBR","Law mandates paid or unpaid maternity leave (1=yes; 0=no)","SG.LAW.LEVE.PU","","","","","","","","","","","","","","","","","","","","","","","","","","","","","","","","","","","","","","","","","","","","","","","","","","1","","1","","1","","1","","1",
"Georgia","GEO","Law mandates paid or unpaid maternity leave (1=yes; 0=no)","SG.LAW.LEVE.PU","","","","","","","","","","","","","","","","","","","","","","","","","","","","","","","","","","","","","","","","","","","","","","","","","","1","","1","","1","","1","","1",
"Ghana","GHA","Law mandates paid or unpaid maternity leave (1=yes; 0=no)","SG.LAW.LEVE.PU","","","","","","","","","","","","","","","","","","","","","","","","","","","","","","","","","","","","","","","","","","","","","","","","","","1","","1","","1","","1","","1",
"Gibraltar","GIB","Law mandates paid or unpaid maternity leave (1=yes; 0=no)","SG.LAW.LEVE.PU","","","","","","","","","","","","","","","","","","","","","","","","","","","","","","","","","","","","","","","","","","","","","","","","","","","","","","","","","","",
"Guinea","GIN","Law mandates paid or unpaid maternity leave (1=yes; 0=no)","SG.LAW.LEVE.PU","","","","","","","","","","","","","","","","","","","","","","","","","","","","","","","","","","","","","","","","","","","","","","","","","","1","","1","","1","","1","","1",
"Gambia, The","GMB","Law mandates paid or unpaid maternity leave (1=yes; 0=no)","SG.LAW.LEVE.PU","","","","","","","","","","","","","","","","","","","","","","","","","","","","","","","","","","","","","","","","","","","","","","","","","","","","","","","","1","","1",
"Guinea-Bissau","GNB","Law mandates paid or unpaid maternity leave (1=yes; 0=no)","SG.LAW.LEVE.PU","","","","","","","","","","","","","","","","","","","","","","","","","","","","","","","","","","","","","","","","","","","","","","","","","","","","","","","","1","","1",
"Equatorial Guinea","GNQ","Law mandates paid or unpaid maternity leave (1=yes; 0=no)","SG.LAW.LEVE.PU","","","","","","","","","","","","","","","","","","","","","","","","","","","","","","","","","","","","","","","","","","","","","","","","","","","","","","","","1","","1",
"Greece","GRC","Law mandates paid or unpaid maternity leave (1=yes; 0=no)","SG.LAW.LEVE.PU","","","","","","","","","","","","","","","","","","","","","","","","","","","","","","","","","","","","","","","","","","","","","","","","","","1","","1","","1","","1","","1",
"Grenada","GRD","Law mandates paid or unpaid maternity leave (1=yes; 0=no)","SG.LAW.LEVE.PU","","","","","","","","","","","","","","","","","","","","","","","","","","","","","","","","","","","","","","","","","","","","","","","","","","","","","","","","1","","1",
"Greenland","GRL","Law mandates paid or unpaid maternity leave (1=yes; 0=no)","SG.LAW.LEVE.PU","","","","","","","","","","","","","","","","","","","","","","","","","","","","","","","","","","","","","","","","","","","","","","","","","","","","","","","","","","",
"Guatemala","GTM","Law mandates paid or unpaid maternity leave (1=yes; 0=no)","SG.LAW.LEVE.PU","","","","","","","","","","","","","","","","","","","","","","","","","","","","","","","","","","","","","","","","","","","","","","","","","","1","","1","","1","","1","","1",
"Guam","GUM","Law mandates paid or unpaid maternity leave (1=yes; 0=no)","SG.LAW.LEVE.PU","","","","","","","","","","","","","","","","","","","","","","","","","","","","","","","","","","","","","","","","","","","","","","","","","","","","","","","","","","",
"Guyana","GUY","Law mandates paid or unpaid maternity leave (1=yes; 0=no)","SG.LAW.LEVE.PU","","","","","","","","","","","","","","","","","","","","","","","","","","","","","","","","","","","","","","","","","","","","","","","","","","","","","","","","1","","1",
"High income","HIC","Law mandates paid or unpaid maternity leave (1=yes; 0=no)","SG.LAW.LEVE.PU","","","","","","","","","","","","","","","","","","","","","","","","","","","","","","","","","","","","","","","","","","","","","","","","","","","","","","","","","","",
"Hong Kong SAR, China","HKG","Law mandates paid or unpaid maternity leave (1=yes; 0=no)","SG.LAW.LEVE.PU","","","","","","","","","","","","","","","","","","","","","","","","","","","","","","","","","","","","","","","","","","","","","","","","","","1","","1","","1","","1","","1",
"Honduras","HND","Law mandates paid or unpaid maternity leave (1=yes; 0=no)","SG.LAW.LEVE.PU","","","","","","","","","","","","","","","","","","","","","","","","","","","","","","","","","","","","","","","","","","","","","","","","","","1","","1","","1","","1","","1",
"Heavily indebted poor countries (HIPC)","HPC","Law mandates paid or unpaid maternity leave (1=yes; 0=no)","SG.LAW.LEVE.PU","","","","","","","","","","","","","","","","","","","","","","","","","","","","","","","","","","","","","","","","","","","","","","","","","","","","","","","","","","",
"Croatia","HRV","Law mandates paid or unpaid maternity leave (1=yes; 0=no)","SG.LAW.LEVE.PU","","","","","","","","","","","","","","","","","","","","","","","","","","","","","","","","","","","","","","","","","","","","","","","","","","1","","1","","1","","1","","1",
"Haiti","HTI","Law mandates paid or unpaid maternity leave (1=yes; 0=no)","SG.LAW.LEVE.PU","","","","","","","","","","","","","","","","","","","","","","","","","","","","","","","","","","","","","","","","","","","","","","","","","","","","","","1","","1","","1",
"Hungary","HUN","Law mandates paid or unpaid maternity leave (1=yes; 0=no)","SG.LAW.LEVE.PU","","","","","","","","","","","","","","","","","","","","","","","","","","","","","","","","","","","","","","","","","","","","","","","","","","1","","1","","1","","1","","1",
"IBRD only","IBD","Law mandates paid or unpaid maternity leave (1=yes; 0=no)","SG.LAW.LEVE.PU","","","","","","","","","","","","","","","","","","","","","","","","","","","","","","","","","","","","","","","","","","","","","","","","","","","","","","","","","","",
"IDA & IBRD total","IBT","Law mandates paid or unpaid maternity leave (1=yes; 0=no)","SG.LAW.LEVE.PU","","","","","","","","","","","","","","","","","","","","","","","","","","","","","","","","","","","","","","","","","","","","","","","","","","","","","","","","","","",
"IDA total","IDA","Law mandates paid or unpaid maternity leave (1=yes; 0=no)","SG.LAW.LEVE.PU","","","","","","","","","","","","","","","","","","","","","","","","","","","","","","","","","","","","","","","","","","","","","","","","","","","","","","","","","","",
"IDA blend","IDB","Law mandates paid or unpaid maternity leave (1=yes; 0=no)","SG.LAW.LEVE.PU","","","","","","","","","","","","","","","","","","","","","","","","","","","","","","","","","","","","","","","","","","","","","","","","","","","","","","","","","","",
"Indonesia","IDN","Law mandates paid or unpaid maternity leave (1=yes; 0=no)","SG.LAW.LEVE.PU","","","","","","","","","","","","","","","","","","","","","","","","","","","","","","","","","","","","","","","","","","","","","","","","","","1","","1","","1","","1","","1",
"IDA only","IDX","Law mandates paid or unpaid maternity leave (1=yes; 0=no)","SG.LAW.LEVE.PU","","","","","","","","","","","","","","","","","","","","","","","","","","","","","","","","","","","","","","","","","","","","","","","","","","","","","","","","","","",
"Isle of Man","IMN","Law mandates paid or unpaid maternity leave (1=yes; 0=no)","SG.LAW.LEVE.PU","","","","","","","","","","","","","","","","","","","","","","","","","","","","","","","","","","","","","","","","","","","","","","","","","","","","","","","","","","",
"India","IND","Law mandates paid or unpaid maternity leave (1=yes; 0=no)","SG.LAW.LEVE.PU","","","","","","","","","","","","","","","","","","","","","","","","","","","","","","","","","","","","","","","","","","","","","","","","","","1","","1","","1","","1","","1",
"Not classified","INX","Law mandates paid or unpaid maternity leave (1=yes; 0=no)","SG.LAW.LEVE.PU","","","","","","","","","","","","","","","","","","","","","","","","","","","","","","","","","","","","","","","","","","","","","","","","","","","","","","","","","","",
"Ireland","IRL","Law mandates paid or unpaid maternity leave (1=yes; 0=no)","SG.LAW.LEVE.PU","","","","","","","","","","","","","","","","","","","","","","","","","","","","","","","","","","","","","","","","","","","","","","","","","","1","","1","","1","","1","","1",
"Iran, Islamic Rep.","IRN","Law mandates paid or unpaid maternity leave (1=yes; 0=no)","SG.LAW.LEVE.PU","","","","","","","","","","","","","","","","","","","","","","","","","","","","","","","","","","","","","","","","","","","","","","","","","","1","","1","","1","","1","","1",
"Iraq","IRQ","Law mandates paid or unpaid maternity leave (1=yes; 0=no)","SG.LAW.LEVE.PU","","","","","","","","","","","","","","","","","","","","","","","","","","","","","","","","","","","","","","","","","","","","","","","","","","","","","","","","1","","1",
"Iceland","ISL","Law mandates paid or unpaid maternity leave (1=yes; 0=no)","SG.LAW.LEVE.PU","","","","","","","","","","","","","","","","","","","","","","","","","","","","","","","","","","","","","","","","","","","","","","","","","","1","","1","","1","","1","","1",
"Israel","ISR","Law mandates paid or unpaid maternity leave (1=yes; 0=no)","SG.LAW.LEVE.PU","","","","","","","","","","","","","","","","","","","","","","","","","","","","","","","","","","","","","","","","","","","","","","","","","","1","","1","","1","","1","","1",
"Italy","ITA","Law mandates paid or unpaid maternity leave (1=yes; 0=no)","SG.LAW.LEVE.PU","","","","","","","","","","","","","","","","","","","","","","","","","","","","","","","","","","","","","","","","","","","","","","","","","","1","","1","","1","","1","","1",
"Jamaica","JAM","Law mandates paid or unpaid maternity leave (1=yes; 0=no)","SG.LAW.LEVE.PU","","","","","","","","","","","","","","","","","","","","","","","","","","","","","","","","","","","","","","","","","","","","","","","","","","1","","1","","1","","1","","1",
"Jordan","JOR","Law mandates paid or unpaid maternity leave (1=yes; 0=no)","SG.LAW.LEVE.PU","","","","","","","","","","","","","","","","","","","","","","","","","","","","","","","","","","","","","","","","","","","","","","","","","","1","","1","","1","","1","","1",
"Japan","JPN","Law mandates paid or unpaid maternity leave (1=yes; 0=no)","SG.LAW.LEVE.PU","","","","","","","","","","","","","","","","","","","","","","","","","","","","","","","","","","","","","","","","","","","","","","","","","","1","","1","","1","","1","","1",
"Kazakhstan","KAZ","Law mandates paid or unpaid maternity leave (1=yes; 0=no)","SG.LAW.LEVE.PU","","","","","","","","","","","","","","","","","","","","","","","","","","","","","","","","","","","","","","","","","","","","","","","","","","1","","1","","1","","1","","1",
"Kenya","KEN","Law mandates paid or unpaid maternity leave (1=yes; 0=no)","SG.LAW.LEVE.PU","","","","","","","","","","","","","","","","","","","","","","","","","","","","","","","","","","","","","","","","","","","","","","","","","","1","","1","","1","","1","","1",
"Kyrgyz Republic","KGZ","Law mandates paid or unpaid maternity leave (1=yes; 0=no)","SG.LAW.LEVE.PU","","","","","","","","","","","","","","","","","","","","","","","","","","","","","","","","","","","","","","","","","","","","","","","","","","1","","1","","1","","1","","1",
"Cambodia","KHM","Law mandates paid or unpaid maternity leave (1=yes; 0=no)","SG.LAW.LEVE.PU","","","","","","","","","","","","","","","","","","","","","","","","","","","","","","","","","","","","","","","","","","","","","","","","","","1","","1","","1","","1","","1",
"Kiribati","KIR","Law mandates paid or unpaid maternity leave (1=yes; 0=no)","SG.LAW.LEVE.PU","","","","","","","","","","","","","","","","","","","","","","","","","","","","","","","","","","","","","","","","","","","","","","","","","","","","","","","","1","","1",
"St. Kitts and Nevis","KNA","Law mandates paid or unpaid maternity leave (1=yes; 0=no)","SG.LAW.LEVE.PU","","","","","","","","","","","","","","","","","","","","","","","","","","","","","","","","","","","","","","","","","","","","","","","","","","","","","","","","1","","1",
"Korea, Rep.","KOR","Law mandates paid or unpaid maternity leave (1=yes; 0=no)","SG.LAW.LEVE.PU","","","","","","","","","","","","","","","","","","","","","","","","","","","","","","","","","","","","","","","","","","","","","","","","","","1","","1","","1","","1","","1",
"Kuwait","KWT","Law mandates paid or unpaid maternity leave (1=yes; 0=no)","SG.LAW.LEVE.PU","","","","","","","","","","","","","","","","","","","","","","","","","","","","","","","","","","","","","","","","","","","","","","","","","","1","","1","","1","","1","","1",
"Latin America & Caribbean (excluding high income)","LAC","Law mandates paid or unpaid maternity leave (1=yes; 0=no)","SG.LAW.LEVE.PU","","","","","","","","","","","","","","","","","","","","","","","","","","","","","","","","","","","","","","","","","","","","","","","","","","","","","","","","","","",
"Lao PDR","LAO","Law mandates paid or unpaid maternity leave (1=yes; 0=no)","SG.LAW.LEVE.PU","","","","","","","","","","","","","","","","","","","","","","","","","","","","","","","","","","","","","","","","","","","","","","","","","","1","","1","","1","","1","","1",
"Lebanon","LBN","Law mandates paid or unpaid maternity leave (1=yes; 0=no)","SG.LAW.LEVE.PU","","","","","","","","","","","","","","","","","","","","","","","","","","","","","","","","","","","","","","","","","","","","","","","","","","1","","1","","1","","1","","1",
"Liberia","LBR","Law mandates paid or unpaid maternity leave (1=yes; 0=no)","SG.LAW.LEVE.PU","","","","","","","","","","","","","","","","","","","","","","","","","","","","","","","","","","","","","","","","","","","","","","","","","","1","","1","","1","","1","","1",
"Libya","LBY","Law mandates paid or unpaid maternity leave (1=yes; 0=no)","SG.LAW.LEVE.PU","","","","","","","","","","","","","","","","","","","","","","","","","","","","","","","","","","","","","","","","","","","","","","","","","","","","","","","","1","","1",
"St. Lucia","LCA","Law mandates paid or unpaid maternity leave (1=yes; 0=no)","SG.LAW.LEVE.PU","","","","","","","","","","","","","","","","","","","","","","","","","","","","","","","","","","","","","","","","","","","","","","","","","","","","","","","","1","","1",
"Latin America & Caribbean","LCN","Law mandates paid or unpaid maternity leave (1=yes; 0=no)","SG.LAW.LEVE.PU","","","","","","","","","","","","","","","","","","","","","","","","","","","","","","","","","","","","","","","","","","","","","","","","","","","","","","","","","","",
"Least developed countries: UN classification","LDC","Law mandates paid or unpaid maternity leave (1=yes; 0=no)","SG.LAW.LEVE.PU","","","","","","","","","","","","","","","","","","","","","","","","","","","","","","","","","","","","","","","","","","","","","","","","","","","","","","","","","","",
"Low income","LIC","Law mandates paid or unpaid maternity leave (1=yes; 0=no)","SG.LAW.LEVE.PU","","","","","","","","","","","","","","","","","","","","","","","","","","","","","","","","","","","","","","","","","","","","","","","","","","","","","","","","","","",
"Liechtenstein","LIE","Law mandates paid or unpaid maternity leave (1=yes; 0=no)","SG.LAW.LEVE.PU","","","","","","","","","","","","","","","","","","","","","","","","","","","","","","","","","","","","","","","","","","","","","","","","","","","","","","","","","","",
"Sri Lanka","LKA","Law mandates paid or unpaid maternity leave (1=yes; 0=no)","SG.LAW.LEVE.PU","","","","","","","","","","","","","","","","","","","","","","","","","","","","","","","","","","","","","","","","","","","","","","","","","","1","","1","","1","","1","","1",
"Lower middle income","LMC","Law mandates paid or unpaid maternity leave (1=yes; 0=no)","SG.LAW.LEVE.PU","","","","","","","","","","","","","","","","","","","","","","","","","","","","","","","","","","","","","","","","","","","","","","","","","","","","","","","","","","",
"Low & middle income","LMY","Law mandates paid or unpaid maternity leave (1=yes; 0=no)","SG.LAW.LEVE.PU","","","","","","","","","","","","","","","","","","","","","","","","","","","","","","","","","","","","","","","","","","","","","","","","","","","","","","","","","","",
"Lesotho","LSO","Law mandates paid or unpaid maternity leave (1=yes; 0=no)","SG.LAW.LEVE.PU","","","","","","","","","","","","","","","","","","","","","","","","","","","","","","","","","","","","","","","","","","","","","","","","","","1","","1","","1","","1","","1",
"Late-demographic dividend","LTE","Law mandates paid or unpaid maternity leave (1=yes; 0=no)","SG.LAW.LEVE.PU","","","","","","","","","","","","","","","","","","","","","","","","","","","","","","","","","","","","","","","","","","","","","","","","","","","","","","","","","","",
"Lithuania","LTU","Law mandates paid or unpaid maternity leave (1=yes; 0=no)","SG.LAW.LEVE.PU","","","","","","","","","","","","","","","","","","","","","","","","","","","","","","","","","","","","","","","","","","","","","","","","","","1","","1","","1","","1","","1",
"Luxembourg","LUX","Law mandates paid or unpaid maternity leave (1=yes; 0=no)","SG.LAW.LEVE.PU","","","","","","","","","","","","","","","","","","","","","","","","","","","","","","","","","","","","","","","","","","","","","","","","","","","","","","","","1","","1",
"Latvia","LVA","Law mandates paid or unpaid maternity leave (1=yes; 0=no)","SG.LAW.LEVE.PU","","","","","","","","","","","","","","","","","","","","","","","","","","","","","","","","","","","","","","","","","","","","","","","","","","1","","1","","1","","1","","1",
"Macao SAR, China","MAC","Law mandates paid or unpaid maternity leave (1=yes; 0=no)","SG.LAW.LEVE.PU","","","","","","","","","","","","","","","","","","","","","","","","","","","","","","","","","","","","","","","","","","","","","","","","","","","","","","","","","","",
"St. Martin (French part)","MAF","Law mandates paid or unpaid maternity leave (1=yes; 0=no)","SG.LAW.LEVE.PU","","","","","","","","","","","","","","","","","","","","","","","","","","","","","","","","","","","","","","","","","","","","","","","","","","","","","","","","","","",
"Morocco","MAR","Law mandates paid or unpaid maternity leave (1=yes; 0=no)","SG.LAW.LEVE.PU","","","","","","","","","","","","","","","","","","","","","","","","","","","","","","","","","","","","","","","","","","","","","","","","","","1","","1","","1","","1","","1",
"Monaco","MCO","Law mandates paid or unpaid maternity leave (1=yes; 0=no)","SG.LAW.LEVE.PU","","","","","","","","","","","","","","","","","","","","","","","","","","","","","","","","","","","","","","","","","","","","","","","","","","","","","","","","","","",
"Moldova","MDA","Law mandates paid or unpaid maternity leave (1=yes; 0=no)","SG.LAW.LEVE.PU","","","","","","","","","","","","","","","","","","","","","","","","","","","","","","","","","","","","","","","","","","","","","","","","","","1","","1","","1","","1","","1",
"Madagascar","MDG","Law mandates paid or unpaid maternity leave (1=yes; 0=no)","SG.LAW.LEVE.PU","","","","","","","","","","","","","","","","","","","","","","","","","","","","","","","","","","","","","","","","","","","","","","","","","","1","","1","","1","","1","","1",
"Maldives","MDV","Law mandates paid or unpaid maternity leave (1=yes; 0=no)","SG.LAW.LEVE.PU","","","","","","","","","","","","","","","","","","","","","","","","","","","","","","","","","","","","","","","","","","","","","","","","","","","","","","","","1","","1",
"Middle East & North Africa","MEA","Law mandates paid or unpaid maternity leave (1=yes; 0=no)","SG.LAW.LEVE.PU","","","","","","","","","","","","","","","","","","","","","","","","","","","","","","","","","","","","","","","","","","","","","","","","","","","","","","","","","","",
"Mexico","MEX","Law mandates paid or unpaid maternity leave (1=yes; 0=no)","SG.LAW.LEVE.PU","","","","","","","","","","","","","","","","","","","","","","","","","","","","","","","","","","","","","","","","","","","","","","","","","","1","","1","","1","","1","","1",
"Marshall Islands","MHL","Law mandates paid or unpaid maternity leave (1=yes; 0=no)","SG.LAW.LEVE.PU","","","","","","","","","","","","","","","","","","","","","","","","","","","","","","","","","","","","","","","","","","","","","","","","","","","","","","","","0","","0",
"Middle income","MIC","Law mandates paid or unpaid maternity leave (1=yes; 0=no)","SG.LAW.LEVE.PU","","","","","","","","","","","","","","","","","","","","","","","","","","","","","","","","","","","","","","","","","","","","","","","","","","","","","","","","","","",
"Macedonia, FYR","MKD","Law mandates paid or unpaid maternity leave (1=yes; 0=no)","SG.LAW.LEVE.PU","","","","","","","","","","","","","","","","","","","","","","","","","","","","","","","","","","","","","","","","","","","","","","","","","","1","","1","","1","","1","","1",
"Mali","MLI","Law mandates paid or unpaid maternity leave (1=yes; 0=no)","SG.LAW.LEVE.PU","","","","","","","","","","","","","","","","","","","","","","","","","","","","","","","","","","","","","","","","","","","","","","","","","","1","","1","","1","","1","","1",
"Malta","MLT","Law mandates paid or unpaid maternity leave (1=yes; 0=no)","SG.LAW.LEVE.PU","","","","","","","","","","","","","","","","","","","","","","","","","","","","","","","","","","","","","","","","","","","","","","","","","","","","","","","","1","","1",
"Myanmar","MMR","Law mandates paid or unpaid maternity leave (1=yes; 0=no)","SG.LAW.LEVE.PU","","","","","","","","","","","","","","","","","","","","","","","","","","","","","","","","","","","","","","","","","","","","","","","","","","","","","","","","1","","1",
"Middle East & North Africa (excluding high income)","MNA","Law mandates paid or unpaid maternity leave (1=yes; 0=no)","SG.LAW.LEVE.PU","","","","","","","","","","","","","","","","","","","","","","","","","","","","","","","","","","","","","","","","","","","","","","","","","","","","","","","","","","",
"Montenegro","MNE","Law mandates paid or unpaid maternity leave (1=yes; 0=no)","SG.LAW.LEVE.PU","","","","","","","","","","","","","","","","","","","","","","","","","","","","","","","","","","","","","","","","","","","","","","","","","","1","","1","","1","","1","","1",
"Mongolia","MNG","Law mandates paid or unpaid maternity leave (1=yes; 0=no)","SG.LAW.LEVE.PU","","","","","","","","","","","","","","","","","","","","","","","","","","","","","","","","","","","","","","","","","","","","","","","","","","1","","1","","1","","1","","1",
"Northern Mariana Islands","MNP","Law mandates paid or unpaid maternity leave (1=yes; 0=no)","SG.LAW.LEVE.PU","","","","","","","","","","","","","","","","","","","","","","","","","","","","","","","","","","","","","","","","","","","","","","","","","","","","","","","","","","",
"Mozambique","MOZ","Law mandates paid or unpaid maternity leave (1=yes; 0=no)","SG.LAW.LEVE.PU","","","","","","","","","","","","","","","","","","","","","","","","","","","","","","","","","","","","","","","","","","","","","","","","","","1","","1","","1","","1","","1",
"Mauritania","MRT","Law mandates paid or unpaid maternity leave (1=yes; 0=no)","SG.LAW.LEVE.PU","","","","","","","","","","","","","","","","","","","","","","","","","","","","","","","","","","","","","","","","","","","","","","","","","","1","","1","","1","","1","","1",
"Mauritius","MUS","Law mandates paid or unpaid maternity leave (1=yes; 0=no)","SG.LAW.LEVE.PU","","","","","","","","","","","","","","","","","","","","","","","","","","","","","","","","","","","","","","","","","","","","","","","","","","1","","1","","1","","1","","1",
"Malawi","MWI","Law mandates paid or unpaid maternity leave (1=yes; 0=no)","SG.LAW.LEVE.PU","","","","","","","","","","","","","","","","","","","","","","","","","","","","","","","","","","","","","","","","","","","","","","","","","","1","","1","","1","","1","","1",
"Malaysia","MYS","Law mandates paid or unpaid maternity leave (1=yes; 0=no)","SG.LAW.LEVE.PU","","","","","","","","","","","","","","","","","","","","","","","","","","","","","","","","","","","","","","","","","","","","","","","","","","1","","1","","1","","1","","1",
"North America","NAC","Law mandates paid or unpaid maternity leave (1=yes; 0=no)","SG.LAW.LEVE.PU","","","","","","","","","","","","","","","","","","","","","","","","","","","","","","","","","","","","","","","","","","","","","","","","","","","","","","","","","","",
"Namibia","NAM","Law mandates paid or unpaid maternity leave (1=yes; 0=no)","SG.LAW.LEVE.PU","","","","","","","","","","","","","","","","","","","","","","","","","","","","","","","","","","","","","","","","","","","","","","","","","","1","","1","","1","","1","","1",
"New Caledonia","NCL","Law mandates paid or unpaid maternity leave (1=yes; 0=no)","SG.LAW.LEVE.PU","","","","","","","","","","","","","","","","","","","","","","","","","","","","","","","","","","","","","","","","","","","","","","","","","","","","","","","","","","",
"Niger","NER","Law mandates paid or unpaid maternity leave (1=yes; 0=no)","SG.LAW.LEVE.PU","","","","","","","","","","","","","","","","","","","","","","","","","","","","","","","","","","","","","","","","","","","","","","","","","","1","","1","","1","","1","","1",
"Nigeria","NGA","Law mandates paid or unpaid maternity leave (1=yes; 0=no)","SG.LAW.LEVE.PU","","","","","","","","","","","","","","","","","","","","","","","","","","","","","","","","","","","","","","","","","","","","","","","","","","1","","1","","1","","1","","1",
"Nicaragua","NIC","Law mandates paid or unpaid maternity leave (1=yes; 0=no)","SG.LAW.LEVE.PU","","","","","","","","","","","","","","","","","","","","","","","","","","","","","","","","","","","","","","","","","","","","","","","","","","1","","1","","1","","1","","1",
"Netherlands","NLD","Law mandates paid or unpaid maternity leave (1=yes; 0=no)","SG.LAW.LEVE.PU","","","","","","","","","","","","","","","","","","","","","","","","","","","","","","","","","","","","","","","","","","","","","","","","","","1","","1","","1","","1","","1",
"Norway","NOR","Law mandates paid or unpaid maternity leave (1=yes; 0=no)","SG.LAW.LEVE.PU","","","","","","","","","","","","","","","","","","","","","","","","","","","","","","","","","","","","","","","","","","","","","","","","","","0","","0","","0","","0","","0",
"Nepal","NPL","Law mandates paid or unpaid maternity leave (1=yes; 0=no)","SG.LAW.LEVE.PU","","","","","","","","","","","","","","","","","","","","","","","","","","","","","","","","","","","","","","","","","","","","","","","","","","1","","1","","1","","1","","1",
"Nauru","NRU","Law mandates paid or unpaid maternity leave (1=yes; 0=no)","SG.LAW.LEVE.PU","","","","","","","","","","","","","","","","","","","","","","","","","","","","","","","","","","","","","","","","","","","","","","","","","","","","","","","","","","",
"New Zealand","NZL","Law mandates paid or unpaid maternity leave (1=yes; 0=no)","SG.LAW.LEVE.PU","","","","","","","","","","","","","","","","","","","","","","","","","","","","","","","","","","","","","","","","","","","","","","","","","","1","","1","","1","","1","","0",
"OECD members","OED","Law mandates paid or unpaid maternity leave (1=yes; 0=no)","SG.LAW.LEVE.PU","","","","","","","","","","","","","","","","","","","","","","","","","","","","","","","","","","","","","","","","","","","","","","","","","","","","","","","","","","",
"Oman","OMN","Law mandates paid or unpaid maternity leave (1=yes; 0=no)","SG.LAW.LEVE.PU","","","","","","","","","","","","","","","","","","","","","","","","","","","","","","","","","","","","","","","","","","","","","","","","","","1","","1","","1","","1","","1",
"Other small states","OSS","Law mandates paid or unpaid maternity leave (1=yes; 0=no)","SG.LAW.LEVE.PU","","","","","","","","","","","","","","","","","","","","","","","","","","","","","","","","","","","","","","","","","","","","","","","","","","","","","","","","","","",
"Pakistan","PAK","Law mandates paid or unpaid maternity leave (1=yes; 0=no)","SG.LAW.LEVE.PU","","","","","","","","","","","","","","","","","","","","","","","","","","","","","","","","","","","","","","","","","","","","","","","","","","1","","1","","1","","1","","1",
"Panama","PAN","Law mandates paid or unpaid maternity leave (1=yes; 0=no)","SG.LAW.LEVE.PU","","","","","","","","","","","","","","","","","","","","","","","","","","","","","","","","","","","","","","","","","","","","","","","","","","1","","1","","1","","1","","1",
"Peru","PER","Law mandates paid or unpaid maternity leave (1=yes; 0=no)","SG.LAW.LEVE.PU","","","","","","","","","","","","","","","","","","","","","","","","","","","","","","","","","","","","","","","","","","","","","","","","","","1","","1","","1","","1","","1",
"Philippines","PHL","Law mandates paid or unpaid maternity leave (1=yes; 0=no)","SG.LAW.LEVE.PU","","","","","","","","","","","","","","","","","","","","","","","","","","","","","","","","","","","","","","","","","","","","","","","","","","1","","1","","1","","1","","1",
"Palau","PLW","Law mandates paid or unpaid maternity leave (1=yes; 0=no)","SG.LAW.LEVE.PU","","","","","","","","","","","","","","","","","","","","","","","","","","","","","","","","","","","","","","","","","","","","","","","","","","","","","","","","0","","0",
"Papua New Guinea","PNG","Law mandates paid or unpaid maternity leave (1=yes; 0=no)","SG.LAW.LEVE.PU","","","","","","","","","","","","","","","","","","","","","","","","","","","","","","","","","","","","","","","","","","","","","","","","","","1","","1","","1","","1","","1",
"Poland","POL","Law mandates paid or unpaid maternity leave (1=yes; 0=no)","SG.LAW.LEVE.PU","","","","","","","","","","","","","","","","","","","","","","","","","","","","","","","","","","","","","","","","","","","","","","","","","","1","","1","","1","","1","","1",
"Pre-demographic dividend","PRE","Law mandates paid or unpaid maternity leave (1=yes; 0=no)","SG.LAW.LEVE.PU","","","","","","","","","","","","","","","","","","","","","","","","","","","","","","","","","","","","","","","","","","","","","","","","","","","","","","","","","","",
"Puerto Rico","PRI","Law mandates paid or unpaid maternity leave (1=yes; 0=no)","SG.LAW.LEVE.PU","","","","","","","","","","","","","","","","","","","","","","","","","","","","","","","","","","","","","","","","","","","","","","","","","","1","","1","","1","","1","","1",
"Korea, Dem. People’s Rep.","PRK","Law mandates paid or unpaid maternity leave (1=yes; 0=no)","SG.LAW.LEVE.PU","","","","","","","","","","","","","","","","","","","","","","","","","","","","","","","","","","","","","","","","","","","","","","","","","","","","","","","","","","",
"Portugal","PRT","Law mandates paid or unpaid maternity leave (1=yes; 0=no)","SG.LAW.LEVE.PU","","","","","","","","","","","","","","","","","","","","","","","","","","","","","","","","","","","","","","","","","","","","","","","","","","0","","0","","0","","0","","0",
"Paraguay","PRY","Law mandates paid or unpaid maternity leave (1=yes; 0=no)","SG.LAW.LEVE.PU","","","","","","","","","","","","","","","","","","","","","","","","","","","","","","","","","","","","","","","","","","","","","","","","","","1","","1","","1","","1","","1",
"West Bank and Gaza","PSE","Law mandates paid or unpaid maternity leave (1=yes; 0=no)","SG.LAW.LEVE.PU","","","","","","","","","","","","","","","","","","","","","","","","","","","","","","","","","","","","","","","","","","","","","","","","","","1","","1","","1","","1","","1",
"Pacific island small states","PSS","Law mandates paid or unpaid maternity leave (1=yes; 0=no)","SG.LAW.LEVE.PU","","","","","","","","","","","","","","","","","","","","","","","","","","","","","","","","","","","","","","","","","","","","","","","","","","","","","","","","","","",
"Post-demographic dividend","PST","Law mandates paid or unpaid maternity leave (1=yes; 0=no)","SG.LAW.LEVE.PU","","","","","","","","","","","","","","","","","","","","","","","","","","","","","","","","","","","","","","","","","","","","","","","","","","","","","","","","","","",
"French Polynesia","PYF","Law mandates paid or unpaid maternity leave (1=yes; 0=no)","SG.LAW.LEVE.PU","","","","","","","","","","","","","","","","","","","","","","","","","","","","","","","","","","","","","","","","","","","","","","","","","","","","","","","","","","",
"Qatar","QAT","Law mandates paid or unpaid maternity leave (1=yes; 0=no)","SG.LAW.LEVE.PU","","","","","","","","","","","","","","","","","","","","","","","","","","","","","","","","","","","","","","","","","","","","","","","","","","","","","","","","1","","1",
"Romania","ROU","Law mandates paid or unpaid maternity leave (1=yes; 0=no)","SG.LAW.LEVE.PU","","","","","","","","","","","","","","","","","","","","","","","","","","","","","","","","","","","","","","","","","","","","","","","","","","1","","1","","1","","1","","1",
"Russian Federation","RUS","Law mandates paid or unpaid maternity leave (1=yes; 0=no)","SG.LAW.LEVE.PU","","","","","","","","","","","","","","","","","","","","","","","","","","","","","","","","","","","","","","","","","","","","","","","","","","1","","1","","1","","1","","1",
"Rwanda","RWA","Law mandates paid or unpaid maternity leave (1=yes; 0=no)","SG.LAW.LEVE.PU","","","","","","","","","","","","","","","","","","","","","","","","","","","","","","","","","","","","","","","","","","","","","","","","","","1","","1","","1","","1","","1",
"South Asia","SAS","Law mandates paid or unpaid maternity leave (1=yes; 0=no)","SG.LAW.LEVE.PU","","","","","","","","","","","","","","","","","","","","","","","","","","","","","","","","","","","","","","","","","","","","","","","","","","","","","","","","","","",
"Saudi Arabia","SAU","Law mandates paid or unpaid maternity leave (1=yes; 0=no)","SG.LAW.LEVE.PU","","","","","","","","","","","","","","","","","","","","","","","","","","","","","","","","","","","","","","","","","","","","","","","","","","1","","1","","1","","1","","1",
"Sudan","SDN","Law mandates paid or unpaid maternity leave (1=yes; 0=no)","SG.LAW.LEVE.PU","","","","","","","","","","","","","","","","","","","","","","","","","","","","","","","","","","","","","","","","","","","","","","","","","","1","","1","","1","","1","","1",
"Senegal","SEN","Law mandates paid or unpaid maternity leave (1=yes; 0=no)","SG.LAW.LEVE.PU","","","","","","","","","","","","","","","","","","","","","","","","","","","","","","","","","","","","","","","","","","","","","","","","","","1","","1","","1","","1","","1",
"Singapore","SGP","Law mandates paid or unpaid maternity leave (1=yes; 0=no)","SG.LAW.LEVE.PU","","","","","","","","","","","","","","","","","","","","","","","","","","","","","","","","","","","","","","","","","","","","","","","","","","1","","1","","1","","1","","1",
"Solomon Islands","SLB","Law mandates paid or unpaid maternity leave (1=yes; 0=no)","SG.LAW.LEVE.PU","","","","","","","","","","","","","","","","","","","","","","","","","","","","","","","","","","","","","","","","","","","","","","","","","","","","","","","","1","","1",
"Sierra Leone","SLE","Law mandates paid or unpaid maternity leave (1=yes; 0=no)","SG.LAW.LEVE.PU","","","","","","","","","","","","","","","","","","","","","","","","","","","","","","","","","","","","","","","","","","","","","","","","","","","","1","","1","","1","","1",
"El Salvador","SLV","Law mandates paid or unpaid maternity leave (1=yes; 0=no)","SG.LAW.LEVE.PU","","","","","","","","","","","","","","","","","","","","","","","","","","","","","","","","","","","","","","","","","","","","","","","","","","1","","1","","1","","1","","1",
"San Marino","SMR","Law mandates paid or unpaid maternity leave (1=yes; 0=no)","SG.LAW.LEVE.PU","","","","","","","","","","","","","","","","","","","","","","","","","","","","","","","","","","","","","","","","","","","","","","","","","","","","","","","","1","","1",
"Somalia","SOM","Law mandates paid or unpaid maternity leave (1=yes; 0=no)","SG.LAW.LEVE.PU","","","","","","","","","","","","","","","","","","","","","","","","","","","","","","","","","","","","","","","","","","","","","","","","","","","","","","","","","","",
"Serbia","SRB","Law mandates paid or unpaid maternity leave (1=yes; 0=no)","SG.LAW.LEVE.PU","","","","","","","","","","","","","","","","","","","","","","","","","","","","","","","","","","","","","","","","","","","","","","","","","","1","","1","","1","","1","","1",
"Sub-Saharan Africa (excluding high income)","SSA","Law mandates paid or unpaid maternity leave (1=yes; 0=no)","SG.LAW.LEVE.PU","","","","","","","","","","","","","","","","","","","","","","","","","","","","","","","","","","","","","","","","","","","","","","","","","","","","","","","","","","",
"South Sudan","SSD","Law mandates paid or unpaid maternity leave (1=yes; 0=no)","SG.LAW.LEVE.PU","","","","","","","","","","","","","","","","","","","","","","","","","","","","","","","","","","","","","","","","","","","","","","","","","","","","","","","","1","","1",
"Sub-Saharan Africa","SSF","Law mandates paid or unpaid maternity leave (1=yes; 0=no)","SG.LAW.LEVE.PU","","","","","","","","","","","","","","","","","","","","","","","","","","","","","","","","","","","","","","","","","","","","","","","","","","","","","","","","","","",
"Small states","SST","Law mandates paid or unpaid maternity leave (1=yes; 0=no)","SG.LAW.LEVE.PU","","","","","","","","","","","","","","","","","","","","","","","","","","","","","","","","","","","","","","","","","","","","","","","","","","","","","","","","","","",
"Sao Tome and Principe","STP","Law mandates paid or unpaid maternity leave (1=yes; 0=no)","SG.LAW.LEVE.PU","","","","","","","","","","","","","","","","","","","","","","","","","","","","","","","","","","","","","","","","","","","","","","","","","","","","","","","","1","","1",
"Suriname","SUR","Law mandates paid or unpaid maternity leave (1=yes; 0=no)","SG.LAW.LEVE.PU","","","","","","","","","","","","","","","","","","","","","","","","","","","","","","","","","","","","","","","","","","","","","","","","","","","","","","","","0","","0",
"Slovak Republic","SVK","Law mandates paid or unpaid maternity leave (1=yes; 0=no)","SG.LAW.LEVE.PU","","","","","","","","","","","","","","","","","","","","","","","","","","","","","","","","","","","","","","","","","","","","","","","","","","1","","1","","1","","1","","1",
"Slovenia","SVN","Law mandates paid or unpaid maternity leave (1=yes; 0=no)","SG.LAW.LEVE.PU","","","","","","","","","","","","","","","","","","","","","","","","","","","","","","","","","","","","","","","","","","","","","","","","","","1","","1","","1","","1","","1",
"Sweden","SWE","Law mandates paid or unpaid maternity leave (1=yes; 0=no)","SG.LAW.LEVE.PU","","","","","","","","","","","","","","","","","","","","","","","","","","","","","","","","","","","","","","","","","","","","","","","","","","1","","1","","1","","1","","1",
"Eswatini","SWZ","Law mandates paid or unpaid maternity leave (1=yes; 0=no)","SG.LAW.LEVE.PU","","","","","","","","","","","","","","","","","","","","","","","","","","","","","","","","","","","","","","","","","","","","","","","","","","","","","","","","1","","1",
"Sint Maarten (Dutch part)","SXM","Law mandates paid or unpaid maternity leave (1=yes; 0=no)","SG.LAW.LEVE.PU","","","","","","","","","","","","","","","","","","","","","","","","","","","","","","","","","","","","","","","","","","","","","","","","","","","","","","","","","","",
"Seychelles","SYC","Law mandates paid or unpaid maternity leave (1=yes; 0=no)","SG.LAW.LEVE.PU","","","","","","","","","","","","","","","","","","","","","","","","","","","","","","","","","","","","","","","","","","","","","","","","","","","","","","","","1","","1",
"Syrian Arab Republic","SYR","Law mandates paid or unpaid maternity leave (1=yes; 0=no)","SG.LAW.LEVE.PU","","","","","","","","","","","","","","","","","","","","","","","","","","","","","","","","","","","","","","","","","","","","","","","","","","1","","1","","1","","1","","1",
"Turks and Caicos Islands","TCA","Law mandates paid or unpaid maternity leave (1=yes; 0=no)","SG.LAW.LEVE.PU","","","","","","","","","","","","","","","","","","","","","","","","","","","","","","","","","","","","","","","","","","","","","","","","","","","","","","","","","","",
"Chad","TCD","Law mandates paid or unpaid maternity leave (1=yes; 0=no)","SG.LAW.LEVE.PU","","","","","","","","","","","","","","","","","","","","","","","","","","","","","","","","","","","","","","","","","","","","","","","","","","1","","1","","1","","1","","1",
"East Asia & Pacific (IDA & IBRD countries)","TEA","Law mandates paid or unpaid maternity leave (1=yes; 0=no)","SG.LAW.LEVE.PU","","","","","","","","","","","","","","","","","","","","","","","","","","","","","","","","","","","","","","","","","","","","","","","","","","","","","","","","","","",
"Europe & Central Asia (IDA & IBRD countries)","TEC","Law mandates paid or unpaid maternity leave (1=yes; 0=no)","SG.LAW.LEVE.PU","","","","","","","","","","","","","","","","","","","","","","","","","","","","","","","","","","","","","","","","","","","","","","","","","","","","","","","","","","",
"Togo","TGO","Law mandates paid or unpaid maternity leave (1=yes; 0=no)","SG.LAW.LEVE.PU","","","","","","","","","","","","","","","","","","","","","","","","","","","","","","","","","","","","","","","","","","","","","","","","","","1","","1","","1","","1","","1",
"Thailand","THA","Law mandates paid or unpaid maternity leave (1=yes; 0=no)","SG.LAW.LEVE.PU","","","","","","","","","","","","","","","","","","","","","","","","","","","","","","","","","","","","","","","","","","","","","","","","","","1","","1","","1","","1","","1",
"Tajikistan","TJK","Law mandates paid or unpaid maternity leave (1=yes; 0=no)","SG.LAW.LEVE.PU","","","","","","","","","","","","","","","","","","","","","","","","","","","","","","","","","","","","","","","","","","","","","","","","","","1","","1","","1","","1","","1",
"Turkmenistan","TKM","Law mandates paid or unpaid maternity leave (1=yes; 0=no)","SG.LAW.LEVE.PU","","","","","","","","","","","","","","","","","","","","","","","","","","","","","","","","","","","","","","","","","","","","","","","","","","","","","","","","","","",
"Latin America & the Caribbean (IDA & IBRD countries)","TLA","Law mandates paid or unpaid maternity leave (1=yes; 0=no)","SG.LAW.LEVE.PU","","","","","","","","","","","","","","","","","","","","","","","","","","","","","","","","","","","","","","","","","","","","","","","","","","","","","","","","","","",
"Timor-Leste","TLS","Law mandates paid or unpaid maternity leave (1=yes; 0=no)","SG.LAW.LEVE.PU","","","","","","","","","","","","","","","","","","","","","","","","","","","","","","","","","","","","","","","","","","","","","","","","","","","","","","","","1","","1",
"Middle East & North Africa (IDA & IBRD countries)","TMN","Law mandates paid or unpaid maternity leave (1=yes; 0=no)","SG.LAW.LEVE.PU","","","","","","","","","","","","","","","","","","","","","","","","","","","","","","","","","","","","","","","","","","","","","","","","","","","","","","","","","","",
"Tonga","TON","Law mandates paid or unpaid maternity leave (1=yes; 0=no)","SG.LAW.LEVE.PU","","","","","","","","","","","","","","","","","","","","","","","","","","","","","","","","","","","","","","","","","","","","","","","","","","","","","","","","0","","0",
"South Asia (IDA & IBRD)","TSA","Law mandates paid or unpaid maternity leave (1=yes; 0=no)","SG.LAW.LEVE.PU","","","","","","","","","","","","","","","","","","","","","","","","","","","","","","","","","","","","","","","","","","","","","","","","","","","","","","","","","","",
"Sub-Saharan Africa (IDA & IBRD countries)","TSS","Law mandates paid or unpaid maternity leave (1=yes; 0=no)","SG.LAW.LEVE.PU","","","","","","","","","","","","","","","","","","","","","","","","","","","","","","","","","","","","","","","","","","","","","","","","","","","","","","","","","","",
"Trinidad and Tobago","TTO","Law mandates paid or unpaid maternity leave (1=yes; 0=no)","SG.LAW.LEVE.PU","","","","","","","","","","","","","","","","","","","","","","","","","","","","","","","","","","","","","","","","","","","","","","","","","","","","","","","","1","","1",
"Tunisia","TUN","Law mandates paid or unpaid maternity leave (1=yes; 0=no)","SG.LAW.LEVE.PU","","","","","","","","","","","","","","","","","","","","","","","","","","","","","","","","","","","","","","","","","","","","","","","","","","1","","1","","1","","1","","1",
"Turkey","TUR","Law mandates paid or unpaid maternity leave (1=yes; 0=no)","SG.LAW.LEVE.PU","","","","","","","","","","","","","","","","","","","","","","","","","","","","","","","","","","","","","","","","","","","","","","","","","","1","","1","","1","","1","","1",
"Tuvalu","TUV","Law mandates paid or unpaid maternity leave (1=yes; 0=no)","SG.LAW.LEVE.PU","","","","","","","","","","","","","","","","","","","","","","","","","","","","","","","","","","","","","","","","","","","","","","","","","","","","","","","","","","",
"Tanzania","TZA","Law mandates paid or unpaid maternity leave (1=yes; 0=no)","SG.LAW.LEVE.PU","","","","","","","","","","","","","","","","","","","","","","","","","","","","","","","","","","","","","","","","","","","","","","","","","","1","","1","","1","","1","","1",
"Uganda","UGA","Law mandates paid or unpaid maternity leave (1=yes; 0=no)","SG.LAW.LEVE.PU","","","","","","","","","","","","","","","","","","","","","","","","","","","","","","","","","","","","","","","","","","","","","","","","","","1","","1","","1","","1","","1",
"Ukraine","UKR","Law mandates paid or unpaid maternity leave (1=yes; 0=no)","SG.LAW.LEVE.PU","","","","","","","","","","","","","","","","","","","","","","","","","","","","","","","","","","","","","","","","","","","","","","","","","","1","","1","","1","","1","","1",
"Upper middle income","UMC","Law mandates paid or unpaid maternity leave (1=yes; 0=no)","SG.LAW.LEVE.PU","","","","","","","","","","","","","","","","","","","","","","","","","","","","","","","","","","","","","","","","","","","","","","","","","","","","","","","","","","",
"Uruguay","URY","Law mandates paid or unpaid maternity leave (1=yes; 0=no)","SG.LAW.LEVE.PU","","","","","","","","","","","","","","","","","","","","","","","","","","","","","","","","","","","","","","","","","","","","","","","","","","1","","1","","1","","1","","1",
"United States","USA","Law mandates paid or unpaid maternity leave (1=yes; 0=no)","SG.LAW.LEVE.PU","","","","","","","","","","","","","","","","","","","","","","","","","","","","","","","","","","","","","","","","","","","","","","","","","","0","","0","","0","","0","","0",
"Uzbekistan","UZB","Law mandates paid or unpaid maternity leave (1=yes; 0=no)","SG.LAW.LEVE.PU","","","","","","","","","","","","","","","","","","","","","","","","","","","","","","","","","","","","","","","","","","","","","","","","","","1","","1","","1","","1","","1",
"St. Vincent and the Grenadines","VCT","Law mandates paid or unpaid maternity leave (1=yes; 0=no)","SG.LAW.LEVE.PU","","","","","","","","","","","","","","","","","","","","","","","","","","","","","","","","","","","","","","","","","","","","","","","","","","","","","","","","1","","1",
"Venezuela, RB","VEN","Law mandates paid or unpaid maternity leave (1=yes; 0=no)","SG.LAW.LEVE.PU","","","","","","","","","","","","","","","","","","","","","","","","","","","","","","","","","","","","","","","","","","","","","","","","","","1","","1","","1","","1","","1",
"British Virgin Islands","VGB","Law mandates paid or unpaid maternity leave (1=yes; 0=no)","SG.LAW.LEVE.PU","","","","","","","","","","","","","","","","","","","","","","","","","","","","","","","","","","","","","","","","","","","","","","","","","","","","","","","","","","",
"Virgin Islands (U.S.)","VIR","Law mandates paid or unpaid maternity leave (1=yes; 0=no)","SG.LAW.LEVE.PU","","","","","","","","","","","","","","","","","","","","","","","","","","","","","","","","","","","","","","","","","","","","","","","","","","","","","","","","","","",
"Vietnam","VNM","Law mandates paid or unpaid maternity leave (1=yes; 0=no)","SG.LAW.LEVE.PU","","","","","","","","","","","","","","","","","","","","","","","","","","","","","","","","","","","","","","","","","","","","","","","","","","1","","1","","1","","1","","1",
"Vanuatu","VUT","Law mandates paid or unpaid maternity leave (1=yes; 0=no)","SG.LAW.LEVE.PU","","","","","","","","","","","","","","","","","","","","","","","","","","","","","","","","","","","","","","","","","","","","","","","","","","","","","","","","1","","1",
"World","WLD","Law mandates paid or unpaid maternity leave (1=yes; 0=no)","SG.LAW.LEVE.PU","","","","","","","","","","","","","","","","","","","","","","","","","","","","","","","","","","","","","","","","","","","","","","","","","","","","","","","","","","",
"Samoa","WSM","Law mandates paid or unpaid maternity leave (1=yes; 0=no)","SG.LAW.LEVE.PU","","","","","","","","","","","","","","","","","","","","","","","","","","","","","","","","","","","","","","","","","","","","","","","","","","","","","","","","1","","1",
"Kosovo","XKX","Law mandates paid or unpaid maternity leave (1=yes; 0=no)","SG.LAW.LEVE.PU","","","","","","","","","","","","","","","","","","","","","","","","","","","","","","","","","","","","","","","","","","","","","","","","","","1","","1","","1","","1","","1",
"Yemen, Rep.","YEM","Law mandates paid or unpaid maternity leave (1=yes; 0=no)","SG.LAW.LEVE.PU","","","","","","","","","","","","","","","","","","","","","","","","","","","","","","","","","","","","","","","","","","","","","","","","","","1","","1","","1","","1","","1",
"South Africa","ZAF","Law mandates paid or unpaid maternity leave (1=yes; 0=no)","SG.LAW.LEVE.PU","","","","","","","","","","","","","","","","","","","","","","","","","","","","","","","","","","","","","","","","","","","","","","","","","","1","","1","","1","","1","","1",
"Zambia","ZMB","Law mandates paid or unpaid maternity leave (1=yes; 0=no)","SG.LAW.LEVE.PU","","","","","","","","","","","","","","","","","","","","","","","","","","","","","","","","","","","","","","","","","","","","","","","","","","1","","1","","1","","1","","1",
"Zimbabwe","ZWE","Law mandates paid or unpaid maternity leave (1=yes; 0=no)","SG.LAW.LEVE.PU","","","","","","","","","","","","","","","","","","","","","","","","","","","","","","","","","","","","","","","","","","","","","","","","","","1","","1","","1","","1","","1",
